{
  "W1": [
    [
      4.18763,
      2.547756,
      0.578645,
      1.626209,
      -0.159968,
      -1.704493
    ],
    [
      4.409157,
      2.685668,
      0.61039,
      1.712642,
      -0.18465,
      -1.756324
    ],
    [
      0.448372,
      0.27814,
      0.06874,
      0.1769,
      -0.027447,
      -0.180775
    ]
  ],
  "B1": [
    -1.745062,
    -1.867105,
    -0.192194
  ],
  "W2": [
    0.882757,
    0.931178,
    0.096435
  ],
  "B2": -2.751234,
  "metadata": {
    "model": "Fatripy_Recommender_DNN_v2",
    "samples_trained": 900,
    "epochs": 140,
    "learning_rate": 0.06,
    "final_loss": 0.455086,
    "accuracy": 0.7833,
    "trainedAt": "2026-03-05T22:12:57.983347+00:00",
    "training_source": "simulated"
  }
}